Dim.1,Dim.2,
-0.131082408,-0.357496636,A
0.48792194,0.019429249,R
-0.441014515,0.438558173,N
-0.444703927,-0.266571654,D
0.010633657,0.138715473,C
0.461550147,-0.013831685,E
-0.626061491,0.088671351,Q
-0.189005725,0.004401617,G
0.125029955,-0.491705835,H
-0.714839518,-0.047020163,I
0.275614086,-0.046849477,L
0.553735889,-0.3225903,K
0.597761395,0.178142366,M
-0.189848467,-0.574279016,F
-0.157407616,0.296618389,P
-0.484549643,0.052705156,S
0.161058153,0.601446831,T
0.217654917,0.539417189,W
0.19544733,0.400453633,Y
0.519513863,-0.263015484,V
